[
    {
        "category": "Fantasy",
        "items": [
            {
                "name": "개정판 | 류츠신 삼체 3부작 1권",
                "details": {
                    "id": "101",
                    "src": "https://img.ridicdn.net/cover/4755000137/xxlarge?dpi=xxhdpi#1",
                    "alt": "류츠신 삼체 1권",
                    "author": "류츠신 저",
                    "publisher": "자음과모음 출판",
                    "rating": 5
                }
            },
            {
                "name": "개정판 | 류츠신 삼체 3부작 1권",
                "details": {
                    "id": "102",
                    "src": "https://img.ridicdn.net/cover/4755000137/xxlarge?dpi=xxhdpi#1",
                    "alt": "류츠신 삼체 1권",
                    "author": "류츠신 저",
                    "publisher": "자음과모음 출판",
                    "rating": 2.5
                }
            },
            {
                "name": "개정판 | 류츠신 삼체 3부작 1권",
                "details": {
                    "id": "103",
                    "src": "https://img.ridicdn.net/cover/4755000137/xxlarge?dpi=xxhdpi#1",
                    "alt": "류츠신 삼체 1권",
                    "author": "류츠신 저",
                    "publisher": "자음과모음 출판",
                    "rating": 3
                }
            }
        ]
    },
    {
        "category": "wuxia",
        "items": [
            {
                "name": "개정 번역판 | 해리 포터와 마법사의 돌",
                "details": {
                    "id": "201",
                    "src": "https://img.ridicdn.net/cover/3306000090/xxlarge?dpi=xxhdpi#1",
                    "alt": "개정 번역판 | 해리 포터와 마법사의 돌",
                    "author": "조앤.K.롤링 저  강동혁 역",
                    "publisher": "Pottermore 출판",
                    "rating": 5
                }
            },
            {
                "name": "개정 번역판 | 해리 포터와 마법사의 돌",
                "details": {
                    "id": "202",
                    "src": "https://img.ridicdn.net/cover/3306000090/xxlarge?dpi=xxhdpi#1",
                    "alt": "개정 번역판 | 해리 포터와 마법사의 돌",
                    "author": "조앤.K.롤링 저  강동혁 역",
                    "publisher": "Pottermore 출판",
                    "rating": 2.5
                }
            },
            {
                "name": "개정 번역판 | 해리 포터와 마법사의 돌",
                "details": {
                    "id": "203",
                    "src": "https://img.ridicdn.net/cover/3306000090/xxlarge?dpi=xxhdpi#1",
                    "alt": "개정 번역판 | 해리 포터와 마법사의 돌",
                    "author": "조앤.K.롤링 저  강동혁 역",
                    "publisher": "Pottermore 출판",
                    "rating": 4.5
                }
            }
        ]
    },
    {
        "category": "abc",
        "items": [
            {
                "name": "컬트",
                "details": {
                    "id": "301",
                    "src": "https://img.ridicdn.net/cover/950000429/xxlarge?dpi=xxhdpi#1",
                    "alt": "컬트",
                    "author": "맥스 커틀러, 케빈 콘리 저박중서 역",
                    "publisher": "을유문화사 출판",
                    "rating": 4
                }
            },
            {
                "name": "컬트",
                "details": {
                    "id": "302",
                    "src": "https://img.ridicdn.net/cover/950000429/xxlarge?dpi=xxhdpi#1",
                    "alt": "컬트",
                    "author": "맥스 커틀러, 케빈 콘리 저박중서 역",
                    "publisher": "을유문화사 출판",
                    "rating": 3.5
                }
            },
            {
                "name": "컬트",
                "details": {
                    "id": "303",
                    "src": "https://img.ridicdn.net/cover/950000429/xxlarge?dpi=xxhdpi#1",
                    "alt": "컬트",
                    "author": "맥스 커틀러, 케빈 콘리 저박중서 역",
                    "publisher": "을유문화사 출판",
                    "rating": 2
                }
            }
        ]
    }
]